sido,sigungu,dong
강원도,철원군,갈말읍
강원도,철원군,근남면
강원도,철원군,김화읍
강원도,철원군,동송읍
강원도,철원군,서면
강원도,철원군,철원읍
강원도,평창군,대관령면
강원도,평창군,대화면
강원도,평창군,봉평면
강원도,평창군,용평면
강원도,평창군,진부면
강원도,평창군,평창읍
강원도,횡성군,공근면
강원도,횡성군,둔내면
강원도,횡성군,안흥면
강원도,횡성군,우천면
강원도,횡성군,횡성읍
강원특별자치도,강릉시,강문동
강원특별자치도,강릉시,견소동
강원특별자치도,강릉시,교동
강원특별자치도,강릉시,교항리
강원특별자치도,강릉시,금진리
강원특별자치도,강릉시,금학동
강원특별자치도,강릉시,남문동
강원특별자치도,강릉시,내곡동
강원특별자치도,강릉시,노암동
강원특별자치도,강릉시,대전동
강원특별자치도,강릉시,동덕리
강원특별자치도,강릉시,미노리
강원특별자치도,강릉시,병산동
강원특별자치도,강릉시,사천진리
강원특별자치도,강릉시,성남동
강원특별자치도,강릉시,성남동14-2
강원특별자치도,강릉시,송정동
강원특별자치도,강릉시,안현동
강원특별자치도,강릉시,영진리
강원특별자치도,강릉시,운정동
강원특별자치도,강릉시,유산동
강원특별자치도,강릉시,유천동
강원특별자치도,강릉시,임당동
강원특별자치도,강릉시,입암동
강원특별자치도,강릉시,정동진리
강원특별자치도,강릉시,주문리
강원특별자치도,강릉시,주문진읍
강원특별자치도,강릉시,죽헌동
강원특별자치도,강릉시,지변동
강원특별자치도,강릉시,청량동
강원특별자치도,강릉시,초당동
강원특별자치도,강릉시,포남동
강원특별자치도,강릉시,학동
강원특별자치도,강릉시,향호리
강원특별자치도,강릉시,홍제동
강원특별자치도,고성군,간성읍
강원특별자치도,고성군,거진읍
강원특별자치도,고성군,죽왕면
강원특별자치도,고성군,토성면
강원특별자치도,고성군,현내면
강원특별자치도,동해시,구미동
강원특별자치도,동해시,구호동
강원특별자치도,동해시,귀운동
강원특별자치도,동해시,동회동
강원특별자치도,동해시,망상동
강원특별자치도,동해시,묵호진동
강원특별자치도,동해시,발한동
강원특별자치도,동해시,발한동241-9
강원특별자치도,동해시,부곡동
강원특별자치도,동해시,북평동
강원특별자치도,동해시,송정동
강원특별자치도,동해시,쇄운동
강원특별자치도,동해시,어달동
강원특별자치도,동해시,어달동16-82
강원특별자치도,동해시,용정동
강원특별자치도,동해시,이도동
강원특별자치도,동해시,이로동
강원특별자치도,동해시,지가동
강원특별자치도,동해시,천곡동
강원특별자치도,동해시,천곡동996
강원특별자치도,동해시,추암동
강원특별자치도,동해시,평릉동
강원특별자치도,동해시,효가동
강원특별자치도,삼척시,교동
강원특별자치도,삼척시,근덕면
강원특별자치도,삼척시,남양동
강원특별자치도,삼척시,당저동
강원특별자치도,삼척시,도계읍
강원특별자치도,삼척시,사직동
강원특별자치도,삼척시,성내동
강원특별자치도,삼척시,원당동
강원특별자치도,삼척시,원덕읍
강원특별자치도,삼척시,정상동
강원특별자치도,삼척시,증산동
강원특별자치도,속초시,교동
강원특별자치도,속초시,금호동
강원특별자치도,속초시,노학동
강원특별자치도,속초시,대포동
강원특별자치도,속초시,도문동
강원특별자치도,속초시,동명동
강원특별자치도,속초시,영랑동
강원특별자치도,속초시,조양동
강원특별자치도,속초시,중앙동
강원특별자치도,속초시,청호동
강원특별자치도,양양군,강현면
강원특별자치도,양양군,양양읍
강원특별자치도,양양군,현남면
강원특별자치도,영월군,북면
강원특별자치도,영월군,산솔면
강원특별자치도,영월군,상동읍
강원특별자치도,영월군,영월읍
강원특별자치도,영월군,주천면
강원특별자치도,영월군,한반도면
강원특별자치도,원주시,개운동
강원특별자치도,원주시,관설동
강원특별자치도,원주시,단계동
강원특별자치도,원주시,단구동
강원특별자치도,원주시,명륜동
강원특별자치도,원주시,무실동
강원특별자치도,원주시,문막읍
강원특별자치도,원주시,반곡동
강원특별자치도,원주시,봉산동
강원특별자치도,원주시,우산동
강원특별자치도,원주시,일산동
강원특별자치도,원주시,지정면
강원특별자치도,원주시,태장동
강원특별자치도,원주시,판부면
강원특별자치도,원주시,학성동
강원특별자치도,원주시,행구동
강원특별자치도,원주시,흥업면
강원특별자치도,인제군,기린면
강원특별자치도,인제군,남면
강원특별자치도,인제군,북면
강원특별자치도,인제군,상남면
강원특별자치도,인제군,서화면
강원특별자치도,인제군,인제읍
강원특별자치도,정선군,고한읍
강원특별자치도,정선군,남면
강원특별자치도,정선군,북평면
강원특별자치도,정선군,사북읍
강원특별자치도,정선군,신동읍
강원특별자치도,정선군,여량면
강원특별자치도,정선군,임계면
강원특별자치도,정선군,정선읍
강원특별자치도,정선군,화암면
강원특별자치도,춘천시,근화동
강원특별자치도,춘천시,낙원동
강원특별자치도,춘천시,남산면
강원특별자치도,춘천시,동내면
강원특별자치도,춘천시,동면
강원특별자치도,춘천시,동산면
강원특별자치도,춘천시,북산면
강원특별자치도,춘천시,사농동
강원특별자치도,춘천시,삼천동
강원특별자치도,춘천시,서면
강원특별자치도,춘천시,석사동
강원특별자치도,춘천시,소양로1가
강원특별자치도,춘천시,소양로2가
강원특별자치도,춘천시,소양로4가
강원특별자치도,춘천시,송암동
강원특별자치도,춘천시,약사동
강원특별자치도,춘천시,온의동
강원특별자치도,춘천시,요선동
강원특별자치도,춘천시,우두동
강원특별자치도,춘천시,운교동
강원특별자치도,춘천시,칠전동
강원특별자치도,춘천시,퇴계동
강원특별자치도,춘천시,효자동
강원특별자치도,춘천시,후평동
강원특별자치도,태백시,동점동
강원특별자치도,태백시,소도동
강원특별자치도,태백시,장성동
강원특별자치도,태백시,철암동
강원특별자치도,태백시,통동
강원특별자치도,태백시,화전동
강원특별자치도,태백시,황지동
강원특별자치도,화천군,사내면
강원특별자치도,화천군,상서면
강원특별자치도,화천군,하남면
강원특별자치도,화천군,화천읍
강원특별자치도양구군,양구읍,상리
강원특별자치도양구군,양구읍,죽곡리
강원특별자치도양구군,양구읍,하리
강진군,강진읍,남성리
강진군,강진읍,서성리
강진군,강진읍,평동리
강진군,도암면,석문리
강진군,마량면,마량리
강진군,성전면,송학리
강진군,칠량면,송로리
경개도,포천시,일동면
경기도,가평군,가평읍
경기도,가평군,북면
경기도,가평군,상면
경기도,가평군,설악면
경기도,가평군,조종면
경기도,가평군,청평면
경기도,고양시,덕양구
경기도,고양시,일산동구
경기도,고양시,일산서구
경기도,과천시,갈현동
경기도,과천시,과천동
경기도,과천시,관문동
경기도,과천시,문원동
경기도,과천시,별양동
경기도,과천시,원문동
경기도,과천시,주암동
경기도,과천시,중앙동
경기도,광명시,가학동
경기도,광명시,광명동
경기도,광명시,소하동
경기도,광명시,일직동
경기도,광명시,철산동
경기도,광명시,하안동
경기도,광주시,경안동
경기도,광주시,고산동
경기도,광주시,곤지암읍
경기도,광주시,도척면
경기도,광주시,송정동
경기도,광주시,신현동
경기도,광주시,쌍령동
경기도,광주시,역동
경기도,광주시,오포읍
경기도,광주시,장지동
경기도,광주시,중대동
경기도,광주시,초월읍
경기도,광주시,추자동
경기도,광주시,탄벌동
경기도,광주시,태전동
경기도,구리시,갈매동
경기도,구리시,교문동
경기도,구리시,사노동
경기도,구리시,수택동
경기도,구리시,아천동
경기도,구리시,인창동
경기도,구리시,토평동
경기도,군포시,금정동
경기도,군포시,당동
경기도,군포시,당정동
경기도,군포시,대야미동
경기도,군포시,도마교동
경기도,군포시,둔대동
경기도,군포시,부곡동
경기도,군포시,산본동
경기도,김포시,감정동
경기도,김포시,걸포동
경기도,김포시,고촌읍
경기도,김포시,구래동
경기도,김포시,대곶면
경기도,김포시,마산동
경기도,김포시,북변동
경기도,김포시,사우동
경기도,김포시,양촌읍
경기도,김포시,운양동
경기도,김포시,월곶면
경기도,김포시,장기동
경기도,김포시,통진읍
경기도,김포시,풍무동
경기도,김포시,하성면
경기도,남양주시,가운동
경기도,남양주시,금곡동
경기도,남양주시,다산동
경기도,남양주시,별내동
경기도,남양주시,별내동858
경기도,남양주시,별내동908
경기도,남양주시,별내동910
경기도,남양주시,별내면
경기도,남양주시,오남읍
경기도,남양주시,와부읍
경기도,남양주시,일패동
경기도,남양주시,조안면
경기도,남양주시,지금동
경기도,남양주시,진건읍
경기도,남양주시,진접읍
경기도,남양주시,퇴계원읍
경기도,남양주시,평내동
경기도,남양주시,호평동
경기도,남양주시,화도읍
경기도,동두천시,광암동
경기도,동두천시,동두천동
경기도,동두천시,상봉암동
경기도,동두천시,상패동
경기도,동두천시,생연동
경기도,동두천시,송내동
경기도,동두천시,지행동
경기도,부천시,소사구
경기도,부천시,오정구
경기도,부천시,원미구
경기도,성남시,분당구
경기도,성남시,수정구
경기도,성남시,중원구
경기도,수원시,권선구
경기도,수원시,영통구
경기도,수원시,장안구
경기도,수원시,팔달구
경기도,시흥시,거모동
경기도,시흥시,능곡동
경기도,시흥시,대야동
경기도,시흥시,목감동
경기도,시흥시,미산동
경기도,시흥시,산현동
경기도,시흥시,신천동
경기도,시흥시,은행동
경기도,시흥시,장곡동
경기도,시흥시,장현동
경기도,시흥시,정왕동
경기도,시흥시,조남동
경기도,시흥시,죽율동
경기도,시흥시,하상동
경기도,시흥시,하중동
경기도,안산시,단원구
경기도,안산시,상록구
경기도,안성시,가사동
경기도,안성시,공도읍
경기도,안성시,금산동
경기도,안성시,낙원동
경기도,안성시,당왕동
경기도,안성시,대덕면
경기도,안성시,미양면
경기도,안성시,보개면
경기도,안성시,봉남동
경기도,안성시,서운면
경기도,안성시,석정동
경기도,안성시,성남동
경기도,안성시,신건지동
경기도,안성시,신모산동
경기도,안성시,신소현동
경기도,안성시,신흥동
경기도,안성시,양성면
경기도,안성시,옥산동
경기도,안성시,원곡면
경기도,안성시,일죽면
경기도,안성시,죽산면
경기도,안성시,중리동
경기도,안양시,동안구
경기도,안양시,만안구
경기도,양주시,고암동
경기도,양주시,고읍동
경기도,양주시,광사동
경기도,양주시,광적면
경기도,양주시,남면
경기도,양주시,덕계동
경기도,양주시,덕정동
경기도,양주시,만송동
경기도,양주시,백석읍
경기도,양주시,삼숭동
경기도,양주시,옥정동
경기도,양주시,은현면
경기도,양평군,강상면
경기도,양평군,강하면
경기도,양평군,개군면
경기도,양평군,양동면
경기도,양평군,양서면
경기도,양평군,양평읍
경기도,양평군,용문면
경기도,양평군,청운면
경기도,여주시,가남읍
경기도,여주시,교동
경기도,여주시,상동
경기도,여주시,연양동
경기도,여주시,오학동
경기도,여주시,점동면
경기도,여주시,점봉동
경기도,여주시,창동
경기도,여주시,하동
경기도,여주시,현암동
경기도,여주시,홍문동
경기도,연천군,군남면
경기도,연천군,백학면
경기도,연천군,신서면
경기도,연천군,연천읍
경기도,연천군,전곡읍
경기도,오산시,가수동
경기도,오산시,가장동
경기도,오산시,갈곶동
경기도,오산시,고현동
경기도,오산시,궐동
경기도,오산시,금암동
경기도,오산시,내삼미동
경기도,오산시,누읍동
경기도,오산시,벌음동
경기도,오산시,부산동
경기도,오산시,서동
경기도,오산시,세교동
경기도,오산시,수청동
경기도,오산시,양산동
경기도,오산시,오산동
경기도,오산시,외삼미동
경기도,오산시,원동
경기도,오산시,원동641-5
경기도,오산시,은계동
경기도,오산시,지곶동
경기도,오산시,청학동
경기도,오산시,청호동
경기도,오산시,탑동
경기도,용인시,기흥구
경기도,용인시,수지구
경기도,용인시,처인구
경기도,의왕시,내손동
경기도,의왕시,삼동
경기도,의왕시,오전동
경기도,의왕시,왕곡동
경기도,의왕시,월암동
경기도,의왕시,이동
경기도,의왕시,청계동
경기도,의왕시,초평동
경기도,의왕시,포일동
경기도,의왕시,학의동
경기도,의정부시,가능1동
경기도,의정부시,가능동
경기도,의정부시,금오동
경기도,의정부시,낙양동
경기도,의정부시,녹양동
경기도,의정부시,민락동
경기도,의정부시,신곡1동
경기도,의정부시,신곡2동
경기도,의정부시,신곡동
경기도,의정부시,용현동
경기도,의정부시,의정부1동
경기도,의정부시,의정부2동
경기도,의정부시,의정부동
경기도,의정부시,자일동
경기도,의정부시,장암동
경기도,의정부시,호원1동
경기도,의정부시,호원2동
경기도,의정부시,호원동
경기도,이천시,갈산동
경기도,이천시,관고동
경기도,이천시,마장면
경기도,이천시,부발읍
경기도,이천시,송정동
경기도,이천시,안흥동
경기도,이천시,장호원읍
경기도,이천시,중리동
경기도,이천시,증포동
경기도,이천시,진리동
경기도,이천시,창전동
경기도,파주시,광탄면
경기도,파주시,금릉동
경기도,파주시,금촌동
경기도,파주시,다율동
경기도,파주시,동패동
경기도,파주시,목동동
경기도,파주시,문발동
경기도,파주시,문산읍
경기도,파주시,법원읍
경기도,파주시,신촌동
경기도,파주시,아동동
경기도,파주시,야당동
경기도,파주시,와동동
경기도,파주시,월롱면
경기도,파주시,장단면
경기도,파주시,적성면
경기도,파주시,조리읍
경기도,파주시,탄현면
경기도,파주시,파주읍
경기도,파주시,파평면
경기도,평택시,가재동
경기도,평택시,고덕동
경기도,평택시,고덕면
경기도,평택시,군문동
경기도,평택시,도일동
경기도,평택시,독곡동
경기도,평택시,동삭동
경기도,평택시,모곡동
경기도,평택시,비전동
경기도,평택시,서정동
경기도,평택시,서탄면
경기도,평택시,세교동
경기도,평택시,소사동
경기도,평택시,신대동
경기도,평택시,신장동
경기도,평택시,안중읍
경기도,평택시,오성면
경기도,평택시,용이동
경기도,평택시,유천동
경기도,평택시,이충동
경기도,평택시,장당동
경기도,평택시,장안동
경기도,평택시,죽백동
경기도,평택시,지산동
경기도,평택시,지제동
경기도,평택시,진위면
경기도,평택시,청북면
경기도,평택시,청북읍
경기도,평택시,칠괴동
경기도,평택시,칠원동
경기도,평택시,통복동
경기도,평택시,팽성읍
경기도,평택시,평택동
경기도,평택시,포승읍
경기도,평택시,합정동
경기도,평택시,현덕면
경기도,포천시,가산면
경기도,포천시,관인면
경기도,포천시,군내면
경기도,포천시,선단동
경기도,포천시,소흘읍
경기도,포천시,신북면
경기도,포천시,신읍동
경기도,포천시,영북면
경기도,포천시,영중면
경기도,포천시,이동면
경기도,포천시,일동면
경기도,하남시,감이동
경기도,하남시,감일동
경기도,하남시,광암동
경기도,하남시,덕풍동
경기도,하남시,망월동
경기도,하남시,미사동
경기도,하남시,선동
경기도,하남시,신장동
경기도,하남시,창우동
경기도,하남시,천현동
경기도,하남시,풍산동
경기도,하남시,학암동
경기도,화성시,구문천리
경기도,화성시,기산동
경기도,화성시,기안동
경기도,화성시,남양리
경기도,화성시,남양읍
경기도,화성시,능동
경기도,화성시,동탄면
경기도,화성시,마도면
경기도,화성시,매송면
경기도,화성시,매송명
경기도,화성시,목동
경기도,화성시,반송동
경기도,화성시,반송리
경기도,화성시,반월동
경기도,화성시,방교동
경기도,화성시,배양동
경기도,화성시,병점동
경기도,화성시,봉담읍
경기도,화성시,봉답읍
경기도,화성시,북양리
경기도,화성시,비봉면
경기도,화성시,산척동
경기도,화성시,새솔동
경기도,화성시,서신면
경기도,화성시,석우동
경기도,화성시,송동
경기도,화성시,송동727
경기도,화성시,송산동
경기도,화성시,송산면
경기도,화성시,신동
경기도,화성시,안녕동
경기도,화성시,양감면
경기도,화성시,영천동
경기도,화성시,영천동662-1
경기도,화성시,영천동747-10
경기도,화성시,영천동757-6
경기도,화성시,오산동
경기도,화성시,오산동1031-16
경기도,화성시,우정읍
경기도,화성시,장안면
경기도,화성시,장지동
경기도,화성시,전곡리
경기도,화성시,정남면
경기도,화성시,진안동
경기도,화성시,청계동
경기도,화성시,팔탄면
경기도,화성시,향남읍
경기도,화성시,황계동
경상남도,거제면,옥산리
경상남도,거제시,거제면
경상남도,거제시,고현동
경상남도,거제시,고현동1064
경상남도,거제시,능포동
경상남도,거제시,둔덕면
경상남도,거제시,문동동
경상남도,거제시,사등면
경상남도,거제시,상동동
경상남도,거제시,아주동
경상남도,거제시,양정동
경상남도,거제시,연초면
경상남도,거제시,옥포동
경상남도,거제시,일운면
경상남도,거제시,장승포동
경상남도,거제시,장평동
경상남도,거제시,하청면
경상남도,거창군,가조면
경상남도,거창군,거창읍
경상남도,고성군,고성읍
경상남도,고성군,대가면
경상남도,고성군,상리면
경상남도,고성군,하이면
경상남도,고성군,회화면
경상남도,김해시,관동동
경상남도,김해시,구산동
경상남도,김해시,내덕동
경상남도,김해시,내동
경상남도,김해시,대성동
경상남도,김해시,대청동
경상남도,김해시,동상동
경상남도,김해시,무계동
경상남도,김해시,봉황동
경상남도,김해시,부곡동
경상남도,김해시,부원동
경상남도,김해시,불암동
경상남도,김해시,삼계동
경상남도,김해시,삼문동
경상남도,김해시,삼방동
경상남도,김해시,삼정동
경상남도,김해시,상동면
경상남도,김해시,생림면
경상남도,김해시,서상동
경상남도,김해시,신문동
경상남도,김해시,어방동
경상남도,김해시,외동
경상남도,김해시,율하동
경상남도,김해시,이동
경상남도,김해시,장유동
경상남도,김해시,전하동
경상남도,김해시,주촌면
경상남도,김해시,지내동
경상남도,김해시,진례면
경상남도,김해시,진영읍
경상남도,김해시,풍유동
경상남도,김해시,한림면
경상남도,김해시,화목동
경상남도,김해시,흥동
경상남도,남해군,남해읍
경상남도,밀양시,교동
경상남도,밀양시,내이동
경상남도,밀양시,내일동
경상남도,밀양시,무안면
경상남도,밀양시,부북면
경상남도,밀양시,삼문동
경상남도,밀양시,상남면
경상남도,밀양시,청도면
경상남도,밀양시,하남읍
경상남도,사천시,동금동
경상남도,사천시,사남면
경상남도,사천시,서금동
경상남도,사천시,서동
경상남도,사천시,선구동
경상남도,사천시,송포동
경상남도,사천시,용현면
경상남도,사천시,정동면
경상남도,산청군,단성면
경상남도,산청군,산청읍
경상남도,산청군,생초면
경상남도,산청군,시천면
경상남도,산청군,신등면
경상남도,산청군,신안면
경상남도,산청군,차황면
경상남도,양산시,교동
경상남도,양산시,남부동
경상남도,양산시,덕계동
경상남도,양산시,동면
경상남도,양산시,매곡동
경상남도,양산시,명동
경상남도,양산시,물금읍
경상남도,양산시,북부동
경상남도,양산시,북정동
경상남도,양산시,산막동
경상남도,양산시,삼호동
경상남도,양산시,상북면
경상남도,양산시,소주동
경상남도,양산시,신기동
경상남도,양산시,어곡동
경상남도,양산시,용당동
경상남도,양산시,유산동
경상남도,양산시,주남동
경상남도,양산시,중부동
경상남도,양산시,평산동
경상남도,양산시,하북면
경상남도,양산시,호계동
경상남도,의령군,궁류면
경상남도,의령군,대의면
경상남도,의령군,부림면
경상남도,의령군,유곡면
경상남도,의령군,의령읍
경상남도,의령군,정곡면
경상남도,진주시,가좌동
경상남도,진주시,강남동
경상남도,진주시,금산면
경상남도,진주시,남성동
경상남도,진주시,내동면
경상남도,진주시,대평면
경상남도,진주시,망경동
경상남도,진주시,문산읍
경상남도,진주시,본성동
경상남도,진주시,사봉면
경상남도,진주시,상대동
경상남도,진주시,상봉동
경상남도,진주시,상평동
경상남도,진주시,상평동195-14
경상남도,진주시,수정동
경상남도,진주시,신안동
경상남도,진주시,옥봉동
경상남도,진주시,이반성면
경상남도,진주시,이현동
경상남도,진주시,장대동
경상남도,진주시,장재동
경상남도,진주시,정촌면
경상남도,진주시,지수면
경상남도,진주시,진성면
경상남도,진주시,초전동
경상남도,진주시,초전동1583-38
경상남도,진주시,충무공동
경상남도,진주시,칠암동
경상남도,진주시,판문동
경상남도,진주시,평거동
경상남도,진주시,하대동
경상남도,진주시,호탄동
경상남도,창녕군,남지읍
경상남도,창녕군,도천면
경상남도,창녕군,영산면
경상남도,창녕군,창녕읍
경상남도,창원시,마산합포구
경상남도,창원시,마산회원구
경상남도,창원시,성산구
경상남도,창원시,의창구
경상남도,창원시,진해구
경상남도,통영시,광도면
경상남도,통영시,당동
경상남도,통영시,도남동
경상남도,통영시,도산면
경상남도,통영시,도천동
경상남도,통영시,동호동
경상남도,통영시,무전동
경상남도,통영시,미수동
경상남도,통영시,봉평동
경상남도,통영시,북신동
경상남도,통영시,산양읍
경상남도,통영시,서호동
경상남도,통영시,용남면
경상남도,통영시,정량동
경상남도,통영시,항남동
경상남도,하동군,금성면
경상남도,하동군,하동읍
경상남도,함안군,가야읍
경상남도,함안군,군북면
경상남도,함안군,대산면
경상남도,함안군,산인면
경상남도,함안군,여항면
경상남도,함안군,칠서면
경상남도,함안군,칠원읍
경상남도,함안군,함안면
경상남도,함양군,수동면
경상남도,함양군,함양읍
경상북도,경산시,계양동
경상북도,경산시,남산면
경상북도,경산시,대동
경상북도,경산시,대정동
경상북도,경산시,대평동
경상북도,경산시,백천동
경상북도,경산시,사동
경상북도,경산시,사정동
경상북도,경산시,삼남동
경상북도,경산시,삼북동
경상북도,경산시,삼풍동
경상북도,경산시,상방동
경상북도,경산시,압량읍
경상북도,경산시,여천동
경상북도,경산시,옥곡동
경상북도,경산시,옥산동
경상북도,경산시,와촌면
경상북도,경산시,임당동
경상북도,경산시,자인면
경상북도,경산시,정평동
경상북도,경산시,조영동
경상북도,경산시,중방동
경상북도,경산시,중산동
경상북도,경산시,진량읍
경상북도,경산시,평산동
경상북도,경산시,하양읍
경상북도,경주시,건천읍
경상북도,경주시,구황동
경상북도,경주시,노서동
경상북도,경주시,동천동
경상북도,경주시,동천동770-3
경상북도,경주시,동천동798
경상북도,경주시,동천동808-3
경상북도,경주시,산내면
경상북도,경주시,성건동626-16
경상북도,경주시,성건동639
경상북도,경주시,성건동692
경상북도,경주시,성건동716
경상북도,경주시,시래동
경상북도,경주시,안강읍
경상북도,경주시,양남면
경상북도,경주시,외동읍
경상북도,경주시,용강동
경상북도,경주시,진현동
경상북도,경주시,충효동
경상북도,경주시,현곡면
경상북도,경주시,황성동
경상북도,고령군,다산면
경상북도,고령군,대가야읍
경상북도,고령군,성산면
경상북도,고령군,우곡면
경상북도,구미시,거의동
경상북도,구미시,고아읍
경상북도,구미시,공단동
경상북도,구미시,광평동
경상북도,구미시,구평동
경상북도,구미시,남통동
경상북도,구미시,도량동
경상북도,구미시,봉곡동
경상북도,구미시,비산동
경상북도,구미시,사곡동
경상북도,구미시,산동읍
경상북도,구미시,상모동
경상북도,구미시,선산읍
경상북도,구미시,송정동
경상북도,구미시,신평동
경상북도,구미시,오태동
경상북도,구미시,옥계동
경상북도,구미시,원평동
경상북도,구미시,인의동
경상북도,구미시,임은동
경상북도,구미시,장천면
경상북도,구미시,지산동
경상북도,구미시,진평동
경상북도,구미시,형곡동
경상북도,구미시,황상동
경상북도,김천시,교동
경상북도,김천시,남산동
경상북도,김천시,대항면
경상북도,김천시,모암동189-1
경상북도,김천시,봉산면
경상북도,김천시,부곡동
경상북도,김천시,삼락동
경상북도,김천시,성내동
경상북도,김천시,신음동
경상북도,김천시,아포읍
경상북도,김천시,율곡동
경상북도,김천시,응명동
경상북도,김천시,평화동
경상북도,문경시,가은읍
경상북도,문경시,모전동
경상북도,문경시,문경읍
경상북도,문경시,신기동
경상북도,문경시,영신동
경상북도,문경시,유곡동
경상북도,문경시,점촌동
경상북도,문경시,흥덕동
경상북도,봉화군,봉화읍
경상북도,봉화군,춘양면
경상북도,상주시,가장동
경상북도,상주시,공성면
경상북도,상주시,낙동면
경상북도,상주시,낙양동
경상북도,상주시,냉림동
경상북도,상주시,무양동
경상북도,상주시,복룡동
경상북도,상주시,서성동
경상북도,상주시,성동동
경상북도,상주시,성하동
경상북도,상주시,신봉동
경상북도,상주시,외남면
경상북도,상주시,은척면
경상북도,상주시,중동면
경상북도,상주시,함창읍
경상북도,상주시,화서면
경상북도,성주군,대가면
경상북도,성주군,성주읍
경상북도,성주군,수륜면
경상북도,안동시,남후면
경상북도,안동시,도산면
경상북도,안동시,서후면
경상북도,안동시,성곡동
경상북도,안동시,송천동
경상북도,안동시,송현동
경상북도,안동시,수상동
경상북도,안동시,수하동
경상북도,안동시,안기동
경상북도,안동시,안흥동
경상북도,안동시,옥동
경상북도,안동시,옥야동
경상북도,안동시,용상동
경상북도,안동시,운안동
경상북도,안동시,운흥동
경상북도,안동시,임하면
경상북도,안동시,정하동
경상북도,안동시,태화동
경상북도,안동시,풍산읍
경상북도,안동시,풍천면
경상북도,영덕군,강구면
경상북도,영덕군,남정면
경상북도,영덕군,병곡면
경상북도,영덕군,영덕읍
경상북도,영덕군,영해면
경상북도,영덕군,창수면
경상북도,영덕군,축산면
경상북도,영양군,수비면
경상북도,영양군,영양읍
경상북도,영양군,입암면
경상북도,영주시,가흥동
경상북도,영주시,문수면
경상북도,영주시,문정동
경상북도,영주시,봉현면
경상북도,영주시,부석면
경상북도,영주시,상망동
경상북도,영주시,상줄동
경상북도,영주시,순흥면
경상북도,영주시,영주동
경상북도,영주시,장수면
경상북도,영주시,적서동
경상북도,영주시,조암동
경상북도,영주시,평은면
경상북도,영주시,풍기읍
경상북도,영주시,하망동
경상북도,영주시,휴천동
경상북도,영천시,교촌동
경상북도,영천시,금노동
경상북도,영천시,도남동
경상북도,영천시,망정동
경상북도,영천시,문내동
경상북도,영천시,문외동
경상북도,영천시,야사동
경상북도,영천시,완산동
경상북도,영천시,채신동
경상북도,영천시,화룡동
경상북도,예천군,보문면
경상북도,예천군,예천읍
경상북도,예천군,용궁면
경상북도,예천군,은풍면
경상북도,예천군,호명면
경상북도,울릉군,북면
경상북도,울릉군,서면
경상북도,울릉군,울릉읍
경상북도,울진군,근남면
경상북도,울진군,기성면
경상북도,울진군,북면
경상북도,울진군,울진읍
경상북도,울진군,죽변면
경상북도,울진군,평해읍
경상북도,울진군,후포면
경상북도,의성군,가음면
경상북도,의성군,금성면
경상북도,의성군,단북면
경상북도,의성군,비안면
경상북도,의성군,사곡면
경상북도,의성군,안평면
경상북도,의성군,옥산면
경상북도,의성군,의성읍
경상북도,의성군,춘산면
경상북도,청도군,각북면
경상북도,청도군,매전면
경상북도,청도군,운문면
경상북도,청도군,이서면
경상북도,청도군,청도읍
경상북도,청도군,화양읍
경상북도,청송군,청송읍
경상북도,칠곡군,동명면
경상북도,칠곡군,북삼읍
경상북도,칠곡군,석적읍
경상북도,칠곡군,왜관읍
경상북도,칠곡군,지천면
경상북도,포항시,남구
경상북도,포항시,북구
광주광역시,광산구,고룡동
광주광역시,광산구,광산동
광주광역시,광산구,남산동
광주광역시,광산구,덕림동
광주광역시,광산구,도산동
광주광역시,광산구,도천동
광주광역시,광산구,동산동
광주광역시,광산구,명도동
광주광역시,광산구,명화동
광주광역시,광산구,박호동
광주광역시,광산구,본덕동
광주광역시,광산구,북산동
광주광역시,광산구,비아동
광주광역시,광산구,사호동
광주광역시,광산구,산막동
광주광역시,광산구,산수동
광주광역시,광산구,산월동
광주광역시,광산구,산정동
광주광역시,광산구,삼거동
광주광역시,광산구,삼도동
광주광역시,광산구,선암동
광주광역시,광산구,소촌동
광주광역시,광산구,송대동
광주광역시,광산구,송산동
광주광역시,광산구,송정동
광주광역시,광산구,수완동
광주광역시,광산구,신가동
광주광역시,광산구,신동
광주광역시,광산구,신룡동
광주광역시,광산구,신창동
광주광역시,광산구,신촌동
광주광역시,광산구,쌍암동
광주광역시,광산구,안청동
광주광역시,광산구,연산동
광주광역시,광산구,오산동
광주광역시,광산구,오선동
광주광역시,광산구,오운동
광주광역시,광산구,옥동
광주광역시,광산구,용곡동
광주광역시,광산구,용동
광주광역시,광산구,용봉동
광주광역시,광산구,우산동
광주광역시,광산구,운남동
광주광역시,광산구,월계동
광주광역시,광산구,월곡동
광주광역시,광산구,월전동
광주광역시,광산구,유계동
광주광역시,광산구,장덕동
광주광역시,광산구,장록동
광주광역시,광산구,지정동
광주광역시,광산구,지평동
광주광역시,광산구,진곡동
광주광역시,광산구,하남동
광주광역시,광산구,하산동
광주광역시,광산구,흑석동
광주광역시,남구,구동
광주광역시,남구,노대동
광주광역시,남구,방림동
광주광역시,남구,백운동
광주광역시,남구,봉선동
광주광역시,남구,사동
광주광역시,남구,서동
광주광역시,남구,압촌동
광주광역시,남구,양과동
광주광역시,남구,양림동
광주광역시,남구,월산동
광주광역시,남구,임암동
광주광역시,남구,주월동
광주광역시,남구,지석동
광주광역시,남구,진월동
광주광역시,남구,행암동
광주광역시,동구,계림동
광주광역시,동구,금남로3가
광주광역시,동구,내남동
광주광역시,동구,동명동
광주광역시,동구,산수동
광주광역시,동구,서석동
광주광역시,동구,소태동
광주광역시,동구,수기동
광주광역시,동구,용산동
광주광역시,동구,운림동
광주광역시,동구,월남동
광주광역시,동구,학동
광주광역시,북구,동림동
광주광역시,북구,두암동
광주광역시,북구,매곡동
광주광역시,북구,문흥동
광주광역시,북구,본촌동
광주광역시,북구,삼각동
광주광역시,북구,생용동
광주광역시,북구,수곡동
광주광역시,북구,신안동
광주광역시,북구,신용동
광주광역시,북구,양산동
광주광역시,북구,연제동
광주광역시,북구,오룡동
광주광역시,북구,오치동
광주광역시,북구,용두동
광주광역시,북구,용봉동
광주광역시,북구,우산동
광주광역시,북구,운암동
광주광역시,북구,운정동
광주광역시,북구,일곡동
광주광역시,북구,임동
광주광역시,북구,중흥동
광주광역시,북구,충효동
광주광역시,북구,풍향동
광주광역시,북구,효령동
광주광역시,서구,금호동
광주광역시,서구,내방동
광주광역시,서구,농성동
광주광역시,서구,농성동311-1
광주광역시,서구,덕흥동
광주광역시,서구,동천동
광주광역시,서구,마륵동
광주광역시,서구,매월동
광주광역시,서구,서창동
광주광역시,서구,쌍촌동
광주광역시,서구,양동
광주광역시,서구,유촌동
광주광역시,서구,치평동
광주광역시,서구,치평동1162
광주광역시,서구,풍암동
광주광역시,서구,화정동
광주광역시,서구,화정동1618
대구광역시,군위군,군위읍
대구광역시,남구,대명동
대구광역시,남구,봉덕동
대구광역시,달서구,갈산동
대구광역시,달서구,감삼동
대구광역시,달서구,대곡동
대구광역시,달서구,대천동
대구광역시,달서구,도원동
대구광역시,달서구,두류동
대구광역시,달서구,본동
대구광역시,달서구,본리동
대구광역시,달서구,상인동
대구광역시,달서구,성당동
대구광역시,달서구,송현동
대구광역시,달서구,신당동
대구광역시,달서구,용산동
대구광역시,달서구,월성동
대구광역시,달서구,월암동
대구광역시,달서구,유천동
대구광역시,달서구,이곡동
대구광역시,달서구,장기동
대구광역시,달서구,장동
대구광역시,달서구,죽전동
대구광역시,달서구,진천동
대구광역시,달서구,호림동
대구광역시,달서구,호산동
대구광역시,달성군,가창면
대구광역시,달성군,구지면
대구광역시,달성군,논공읍
대구광역시,달성군,다사읍
대구광역시,달성군,옥포읍
대구광역시,달성군,유가읍
대구광역시,달성군,하빈면
대구광역시,달성군,현풍읍
대구광역시,달성군,화원읍
대구광역시,달성군,화원읍천내리
대구광역시,동구,각산동
대구광역시,동구,금강동
대구광역시,동구,도동
대구광역시,동구,동내동
대구광역시,동구,동호동
대구광역시,동구,백안동
대구광역시,동구,봉무동
대구광역시,동구,불로동
대구광역시,동구,사복동
대구광역시,동구,상매동
대구광역시,동구,송정동
대구광역시,동구,숙천동
대구광역시,동구,신기동
대구광역시,동구,신서동
대구광역시,동구,신암동
대구광역시,동구,신천동
대구광역시,동구,용계동
대구광역시,동구,율암동
대구광역시,동구,율하동
대구광역시,동구,입석동
대구광역시,동구,지묘동
대구광역시,동구,효목동
대구광역시,북구,고성동1가
대구광역시,북구,관음동
대구광역시,북구,구암동
대구광역시,북구,국우동
대구광역시,북구,금호동
대구광역시,북구,노원동2가
대구광역시,북구,노원동3가
대구광역시,북구,대현동
대구광역시,북구,동변동
대구광역시,북구,동천동
대구광역시,북구,매천동
대구광역시,북구,매천동742
대구광역시,북구,복현동
대구광역시,북구,사수동
대구광역시,북구,산격동
대구광역시,북구,서변동
대구광역시,북구,연경동
대구광역시,북구,읍내동
대구광역시,북구,칠성동2가
대구광역시,북구,침산동
대구광역시,북구,태전동
대구광역시,북구,학정동
대구광역시,서구,내당동
대구광역시,서구,비산동
대구광역시,서구,상리동
대구광역시,서구,원대동3가
대구광역시,서구,이현동
대구광역시,서구,중리동
대구광역시,서구,평리동
대구광역시,수성구,노변동
대구광역시,수성구,대흥동
대구광역시,수성구,두산동
대구광역시,수성구,만촌동
대구광역시,수성구,매호동
대구광역시,수성구,범물동
대구광역시,수성구,범물동1382-1
대구광역시,수성구,범어동
대구광역시,수성구,사월동
대구광역시,수성구,삼덕동
대구광역시,수성구,상동
대구광역시,수성구,수성동3가
대구광역시,수성구,수성동4가
대구광역시,수성구,시지동
대구광역시,수성구,신매동
대구광역시,수성구,욱수동
대구광역시,수성구,중동
대구광역시,수성구,지산동
대구광역시,수성구,파동
대구광역시,수성구,황금동
대구광역시,중구,공평동
대구광역시,중구,남산동
대구광역시,중구,달성동
대구광역시,중구,대봉동
대구광역시,중구,대신동
대구광역시,중구,동인동2가
대구광역시,중구,수창동
대구광역시,중구,포정동
대전광역시,대덕구,대화동
대전광역시,대덕구,대화동16-145
대전광역시,대덕구,대화동236
대전광역시,대덕구,대화동243-1
대전광역시,대덕구,덕암동16-1
대전광역시,대덕구,덕암동22-5
대전광역시,대덕구,목상동
대전광역시,대덕구,목상동174
대전광역시,대덕구,목상동185-3
대전광역시,대덕구,문평동42-4
대전광역시,대덕구,문평동78-5
대전광역시,대덕구,미호동
대전광역시,대덕구,미호동643-2
대전광역시,대덕구,법동191-2
대전광역시,대덕구,법동195-2
대전광역시,대덕구,법동197-1
대전광역시,대덕구,법동205-5
대전광역시,대덕구,법동280-1
대전광역시,대덕구,법동283-2
대전광역시,대덕구,법동284-10
대전광역시,대덕구,법동284-2
대전광역시,대덕구,법동286
대전광역시,대덕구,법동440-3
대전광역시,대덕구,법동441-2
대전광역시,대덕구,비래동
대전광역시,대덕구,비래동108
대전광역시,대덕구,비래동122-3
대전광역시,대덕구,비래동138-4
대전광역시,대덕구,상서동
대전광역시,대덕구,석봉동
대전광역시,대덕구,석봉동184-1
대전광역시,대덕구,석봉동202-1
대전광역시,대덕구,석봉동306-31
대전광역시,대덕구,석봉동780
대전광역시,대덕구,송촌동224-5
대전광역시,대덕구,송촌동24
대전광역시,대덕구,송촌동290-1
대전광역시,대덕구,송촌동443-1
대전광역시,대덕구,송촌동461-2
대전광역시,대덕구,송촌동463
대전광역시,대덕구,송촌동475-1
대전광역시,대덕구,송촌동488-1
대전광역시,대덕구,송촌동494-2
대전광역시,대덕구,송촌동505-1
대전광역시,대덕구,송촌동552
대전광역시,대덕구,신일동1682-8
대전광역시,대덕구,신일동1690-4
대전광역시,대덕구,신탄진동
대전광역시,대덕구,신탄진동132-1
대전광역시,대덕구,신탄진동137-5
대전광역시,대덕구,신탄진동21
대전광역시,대덕구,신탄진동264-2
대전광역시,대덕구,오정동
대전광역시,대덕구,오정동274-1
대전광역시,대덕구,오정동311-6
대전광역시,대덕구,오정동382-3
대전광역시,대덕구,오정동453-1
대전광역시,대덕구,오정동496-1
대전광역시,대덕구,와동
대전광역시,대덕구,읍내동204
대전광역시,대덕구,읍내동219-5
대전광역시,대덕구,읍내동517-9
대전광역시,대덕구,읍내동574-1
대전광역시,대덕구,중리동
대전광역시,대덕구,중리동101-1
대전광역시,대덕구,중리동105-6
대전광역시,대덕구,중리동144-2
대전광역시,대덕구,중리동174-1
대전광역시,대덕구,중리동201-6
대전광역시,대덕구,중리동223-1
대전광역시,대덕구,중리동254-8
대전광역시,대덕구,중리동378-12
대전광역시,대덕구,중리동388-17
대전광역시,대덕구,중리동398-18
대전광역시,대덕구,중리동490-1
대전광역시,대덕구,중리동498-1
대전광역시,대덕구,평촌동
대전광역시,대덕구,평촌동537-1
대전광역시,동구,가양동
대전광역시,동구,가오동
대전광역시,동구,구도동
대전광역시,동구,낭월동
대전광역시,동구,대동
대전광역시,동구,대별동
대전광역시,동구,대성동
대전광역시,동구,삼성동
대전광역시,동구,상소동
대전광역시,동구,성남동
대전광역시,동구,세천동
대전광역시,동구,신흥동
대전광역시,동구,용운동
대전광역시,동구,용전동
대전광역시,동구,자양동
대전광역시,동구,천동
대전광역시,동구,추동
대전광역시,동구,판암동
대전광역시,동구,하소동
대전광역시,동구,홍도동
대전광역시,서구,가수원동
대전광역시,서구,가장동
대전광역시,서구,갈마동
대전광역시,서구,관저동
대전광역시,서구,괴정동
대전광역시,서구,내동
대전광역시,서구,도마동
대전광역시,서구,도안동
대전광역시,서구,둔산동
대전광역시,서구,만년동
대전광역시,서구,변동
대전광역시,서구,복수동
대전광역시,서구,월평동
대전광역시,서구,정림동
대전광역시,서구,탄방동
대전광역시,서구,흑석동
대전광역시,유성구,계산동
대전광역시,유성구,관평동
대전광역시,유성구,교촌동
대전광역시,유성구,구성동
대전광역시,유성구,구암동
대전광역시,유성구,궁동
대전광역시,유성구,노은동
대전광역시,유성구,대정동
대전광역시,유성구,덕명동
대전광역시,유성구,도룡동
대전광역시,유성구,문지동
대전광역시,유성구,반석동
대전광역시,유성구,방현동
대전광역시,유성구,복용동
대전광역시,유성구,봉명동
대전광역시,유성구,봉산동
대전광역시,유성구,상대동
대전광역시,유성구,송강동
대전광역시,유성구,신성동
대전광역시,유성구,어은동
대전광역시,유성구,용산동
대전광역시,유성구,원내동
대전광역시,유성구,원신흥동
대전광역시,유성구,자운동
대전광역시,유성구,장대동
대전광역시,유성구,장동
대전광역시,유성구,전민동
대전광역시,유성구,죽동
대전광역시,유성구,지족동
대전광역시,유성구,탑립동
대전광역시,유성구,하기동
대전광역시,유성구,학하동
대전광역시,중구,대사동
대전광역시,중구,대흥동
대전광역시,중구,목달동
대전광역시,중구,목동
대전광역시,중구,문화동
대전광역시,중구,부사동
대전광역시,중구,사정동
대전광역시,중구,산성동
대전광역시,중구,석교동
대전광역시,중구,선화동
대전광역시,중구,안영동
대전광역시,중구,오류동
대전광역시,중구,용두동
대전광역시,중구,유천동
대전광역시,중구,중촌동
대전광역시,중구,침산동
대전광역시,중구,태평동
부산광역시,강서구,구랑동
부산광역시,강서구,녹산동
부산광역시,강서구,대저1동
부산광역시,강서구,대저2동
부산광역시,강서구,동선동
부산광역시,강서구,명지동
부산광역시,강서구,미음동
부산광역시,강서구,범방동
부산광역시,강서구,생곡동
부산광역시,강서구,송정동
부산광역시,강서구,신호동
부산광역시,강서구,지사동
부산광역시,강서구,천성동
부산광역시,강서구,화전동
부산광역시,금정구,구서동
부산광역시,금정구,금사동
부산광역시,금정구,남산동
부산광역시,금정구,두구동
부산광역시,금정구,부곡동
부산광역시,금정구,서동
부산광역시,금정구,선동
부산광역시,금정구,장전동
부산광역시,금정구,청룡동
부산광역시,금정구,회동동
부산광역시,기장군,기장읍
부산광역시,기장군,대변리
부산광역시,기장군,서부리
부산광역시,기장군,일광면
부산광역시,기장군,일광읍
부산광역시,기장군,장안읍
부산광역시,기장군,정관읍
부산광역시,기장군,철마면
부산광역시,남구,감만동
부산광역시,남구,대연동
부산광역시,남구,문현동
부산광역시,남구,용당동
부산광역시,남구,용호동
부산광역시,남구,우암동
부산광역시,동구,범일동
부산광역시,동구,수정동
부산광역시,동구,좌천동
부산광역시,동구,좌천동1167
부산광역시,동래구,낙민동
부산광역시,동래구,명륜동
부산광역시,동래구,명장동
부산광역시,동래구,복천동
부산광역시,동래구,사직동
부산광역시,동래구,수안동
부산광역시,동래구,안락동
부산광역시,동래구,온천동
부산광역시,동래구,칠산동
부산광역시,부산진구,가야동
부산광역시,부산진구,개금동
부산광역시,부산진구,당감동
부산광역시,부산진구,범전동
부산광역시,부산진구,부암동
부산광역시,부산진구,양정동
부산광역시,부산진구,연지동
부산광역시,부산진구,전포동
부산광역시,부산진구,초읍동
부산광역시,북구,구포동
부산광역시,북구,금곡동
부산광역시,북구,덕천동
부산광역시,북구,만덕동
부산광역시,북구,화명동
부산광역시,사상구,감전동
부산광역시,사상구,괘법동
부산광역시,사상구,덕포동
부산광역시,사상구,모라동
부산광역시,사상구,엄궁동
부산광역시,사상구,주례동
부산광역시,사상구,학장동
부산광역시,사하구,감천1동
부산광역시,사하구,감천동
부산광역시,사하구,괴정1동
부산광역시,사하구,괴정동
부산광역시,사하구,구평동
부산광역시,사하구,다대1동
부산광역시,사하구,다대2동80-1
부산광역시,사하구,다대동
부산광역시,사하구,다대동1492
부산광역시,사하구,당리동
부산광역시,사하구,당리동348-6
부산광역시,사하구,신평동
부산광역시,사하구,장림1동
부산광역시,사하구,장림동
부산광역시,사하구,하단1동
부산광역시,사하구,하단동
부산광역시,사하구,하단동1184-4
부산광역시,서구,남부민동
부산광역시,서구,서대신동3가
부산광역시,서구,암남동
부산광역시,수영구,광안동
부산광역시,수영구,남천동
부산광역시,수영구,망미동
부산광역시,수영구,민락동
부산광역시,수영구,수영동
부산광역시,연제구,거제동
부산광역시,연제구,연산동
부산광역시,영도구,동삼동
부산광역시,영도구,봉래동4가
부산광역시,중구,광복동
부산광역시,중구,대청로116번길
부산광역시,중구,동광동5가
부산광역시,중구,영주동
부산광역시,해운대구,반송동
부산광역시,해운대구,반여동
부산광역시,해운대구,석대동
부산광역시,해운대구,송정동
부산광역시,해운대구,우동
부산광역시,해운대구,우동710-3
부산광역시,해운대구,재송동
부산광역시,해운대구,좌동
부산광역시,해운대구,좌동1336
부산광역시,해운대구,중동
부산광역시,해운대구좌동,1371-1
서울특별시,강남구,개포동
서울특별시,강남구,논현동
서울특별시,강남구,대치동
서울특별시,강남구,도곡동
서울특별시,강남구,삼섬동
서울특별시,강남구,삼성동
서울특별시,강남구,세곡동
서울특별시,강남구,수서동
서울특별시,강남구,신사동
서울특별시,강남구,압구정동
서울특별시,강남구,역삼동
서울특별시,강남구,율현동
서울특별시,강남구,일원동
서울특별시,강남구,자곡동
서울특별시,강남구,청담동
서울특별시,강동구,강일동
서울특별시,강동구,고덕1동
서울특별시,강동구,고덕2동
서울특별시,강동구,고덕동
서울특별시,강동구,길동
서울특별시,강동구,둔촌2동
서울특별시,강동구,둔촌동
서울특별시,강동구,명일1동
서울특별시,강동구,명일2동
서울특별시,강동구,상일동
서울특별시,강동구,성내1동
서울특별시,강동구,성내3동
서울특별시,강동구,암사1동
서울특별시,강동구,암사2동
서울특별시,강동구,암사3동
서울특별시,강동구,암사동
서울특별시,강동구,천호1동
서울특별시,강동구,천호2동
서울특별시,강동구,천호3동
서울특별시,강북구,미아동
서울특별시,강북구,번1동
서울특별시,강북구,번2동
서울특별시,강북구,번3동
서울특별시,강북구,번동
서울특별시,강북구,삼각산동
서울특별시,강북구,삼양동
서울특별시,강북구,송중동
서울특별시,강북구,송천동
서울특별시,강북구,수유1동
서울특별시,강북구,수유2동
서울특별시,강북구,수유3동
서울특별시,강북구,수유동
서울특별시,강북구,우이동
서울특별시,강북구,인수동
서울특별시,강서구,가양동
서울특별시,강서구,개화동
서울특별시,강서구,공항동
서울특별시,강서구,공항동1341
서울특별시,강서구,공항동1361
서울특별시,강서구,공항동42-11
서울특별시,강서구,공항동668
서울특별시,강서구,내발산동
서울특별시,강서구,등촌동
서울특별시,강서구,마곡동
서울특별시,강서구,방화동
서울특별시,강서구,염창동
서울특별시,강서구,외발산동
서울특별시,강서구,화곡동
서울특별시,강서구,화곡동1061-36
서울특별시,강서구,화곡동1088-16
서울특별시,강서구,화곡동1109
서울특별시,강서구,화곡동1159-2
서울특별시,강서구,화곡동1159-3
서울특별시,강서구,화곡동1165-2
서울특별시,강서구,화곡동1165-6
서울특별시,강서구,화곡동155-1
서울특별시,강서구,화곡동339-19
서울특별시,강서구,화곡동341-24
서울특별시,강서구,화곡동354-14
서울특별시,강서구,화곡동369-11
서울특별시,강서구,화곡동372-26
서울특별시,강서구,화곡동379-32
서울특별시,강서구,화곡동409-84
서울특별시,강서구,화곡동468-1
서울특별시,강서구,화곡동75-3
서울특별시,강서구,화곡동783-1
서울특별시,강서구,화곡동806-10
서울특별시,강서구,화곡동819-5
서울특별시,강서구,화곡동892-17
서울특별시,강서구,화곡동978-18
서울특별시,강서구,화곡동980-2
서울특별시,강서구,화곡동994-5
서울특별시,강서구가양동,1499
서울특별시,강서구마곡동,790-6
서울특별시,강서구마곡동,800-7
서울특별시,강서구염창동,306-1
서울특별시,강서구염창동,309-1
서울특별시,관악구,남현동
서울특별시,관악구,봉천동
서울특별시,관악구,신림동
서울특별시,광진구,광장동
서울특별시,광진구,구의동
서울특별시,광진구,군자동
서울특별시,광진구,능동
서울특별시,광진구,자양동
서울특별시,광진구,중곡동
서울특별시,광진구,화양동
서울특별시,구로구,개봉동
서울특별시,구로구,고척동
서울특별시,구로구,구로동
서울특별시,구로구,궁동
서울특별시,구로구,신도림동
서울특별시,구로구,오류동
서울특별시,구로구,온수동
서울특별시,구로구,천왕동
서울특별시,구로구,항동
서울특별시,금천구,가산동
서울특별시,금천구,독산동
서울특별시,금천구,시흥동
서울특별시,노원구,상계동
서울특별시,노원구,월계동
서울특별시,노원구,중계동
서울특별시,도봉구,도봉1동
서울특별시,도봉구,도봉2동
서울특별시,도봉구,도봉동
서울특별시,도봉구,방학1동
서울특별시,도봉구,방학3동
서울특별시,도봉구,방학동
서울특별시,도봉구,쌍문3동
서울특별시,도봉구,쌍문동
서울특별시,도봉구,창4동
서울특별시,도봉구,창동
서울특별시,동대문구,답십리동
서울특별시,동대문구,신설동
서울특별시,동대문구,용두동
서울특별시,동대문구,이문동
서울특별시,동대문구,장안동
서울특별시,동대문구,전농동
서울특별시,동대문구,제기동
서울특별시,동대문구,청량리동
서울특별시,동대문구,회기동
서울특별시,동대문구,휘경동
서울특별시,동작구,노량진동
서울특별시,동작구,대방동
서울특별시,동작구,동작동
서울특별시,동작구,본동
서울특별시,동작구,사당동
서울특별시,동작구,상도1동
서울특별시,동작구,상도4동
서울특별시,동작구,상도동
서울특별시,동작구,신대방동
서울특별시,동작구,흑석동
서울특별시,동작구,흑석동141-2일대
서울특별시,마포구,공덕동
서울특별시,마포구,노고산동
서울특별시,마포구,당인동
서울특별시,마포구,대흥동
서울특별시,마포구,도화동
서울특별시,마포구,동교동
서울특별시,마포구,마포동
서울특별시,마포구,망원2동
서울특별시,마포구,망원동
서울특별시,마포구,상수동
서울특별시,마포구,상암동
서울특별시,마포구,상암동1735
서울특별시,마포구,상암동1742
서울특별시,마포구,상암동1744
서울특별시,마포구,상암동1753
서울특별시,마포구,서교동
서울특별시,마포구,성산동
서울특별시,마포구,성산동200-326
서울특별시,마포구,성산동산11-1
서울특별시,마포구,신공덕동
서울특별시,마포구,신수동
서울특별시,마포구,신정동
서울특별시,마포구,아현동
서울특별시,마포구,연남동
서울특별시,마포구,염리동
서울특별시,마포구,용강동
서울특별시,마포구,중동
서울특별시,마포구,창전동
서울특별시,마포구,창전동3-231
서울특별시,마포구,합정동
서울특별시,마포구,합정동145-3
서울특별시,마포구,현석동
서울특별시,서대문구,남가좌동
서울특별시,서대문구,대현동
서울특별시,서대문구,북가좌동
서울특별시,서대문구,북아현동
서울특별시,서대문구,북아현동136-3
서울특별시,서대문구,북아현동176-25
서울특별시,서대문구,연희동
서울특별시,서대문구,영천동
서울특별시,서대문구,창천동
서울특별시,서대문구,합동
서울특별시,서대문구,현저동
서울특별시,서대문구,홍은동
서울특별시,서대문구,홍제동
서울특별시,서초구,내곡동
서울특별시,서초구,반포동
서울특별시,서초구,방배동
서울특별시,서초구,서초동
서울특별시,서초구,신원동
서울특별시,서초구,양재동
서울특별시,서초구,염곡동
서울특별시,서초구,우면동
서울특별시,서초구,원지동
서울특별시,서초구,잠원동
서울특별시,성동구,금호동2가
서울특별시,성동구,금호동3가
서울특별시,성동구,금호동4가
서울특별시,성동구,마장동
서울특별시,성동구,사근동
서울특별시,성동구,상왕십리동
서울특별시,성동구,성수2가1동
서울특별시,성동구,성수동1가
서울특별시,성동구,성수동2가
서울특별시,성동구,송정동
서울특별시,성동구,옥수동
서울특별시,성동구,용답동
서울특별시,성동구,응봉동
서울특별시,성동구,하왕십리동
서울특별시,성동구,행당동
서울특별시,성동구,홍익동
서울특별시,성북구,길음동
서울특별시,성북구,돈암1동
서울특별시,성북구,돈암동
서울특별시,성북구,보문동3가
서울특별시,성북구,보문동6가
서울특별시,성북구,보문동7가
서울특별시,성북구,삼선동1가
서울특별시,성북구,삼선동3가
서울특별시,성북구,상월곡동
서울특별시,성북구,석관동
서울특별시,성북구,성북동
서울특별시,성북구,안암동2가
서울특별시,성북구,장위동
서울특별시,성북구,정릉3동
서울특별시,성북구,정릉동
서울특별시,성북구,종암동
서울특별시,성북구,하월곡동
서울특별시,송파구,가락동
서울특별시,송파구,가락본동
서울특별시,송파구,거여동
서울특별시,송파구,마천동
서울특별시,송파구,문정동
서울특별시,송파구,방이동
서울특별시,송파구,삼전동
서울특별시,송파구,석촌동
서울특별시,송파구,송파동
서울특별시,송파구,신천동
서울특별시,송파구,오금동
서울특별시,송파구,잠실동
서울특별시,송파구,잠실본동
서울특별시,송파구,장지동
서울특별시,송파구,풍납동
서울특별시,아현동,591-62일대
서울특별시,양천구,목1동
서울특별시,양천구,목2동
서울특별시,양천구,목3동
서울특별시,양천구,목4동
서울특별시,양천구,목5동
서울특별시,양천구,신월1동
서울특별시,양천구,신월2동
서울특별시,양천구,신월3동
서울특별시,양천구,신월4동
서울특별시,양천구,신월5동
서울특별시,양천구,신월6동
서울특별시,양천구,신월7동
서울특별시,양천구,신월동
서울특별시,양천구,신정1동
서울특별시,양천구,신정2동
서울특별시,양천구,신정3동
서울특별시,양천구,신정4동
서울특별시,양천구,신정6동
서울특별시,양천구,신정7동
서울특별시,영등포구,당산6가
서울특별시,영등포구,당산동3가
서울특별시,영등포구,당산동4가
서울특별시,영등포구,당산동5가
서울특별시,영등포구,대림1동
서울특별시,영등포구,대림동
서울특별시,영등포구,도림동
서울특별시,영등포구,문래동3가
서울특별시,영등포구,문래동4가
서울특별시,영등포구,문래동5가
서울특별시,영등포구,문래동6가
서울특별시,영등포구,신길동
서울특별시,영등포구,양평동
서울특별시,영등포구,양평동1가
서울특별시,영등포구,양평동4가
서울특별시,영등포구,여의도동
서울특별시,영등포구,영등포동
서울특별시,영등포구,영등포동2가
서울특별시,영등포구,영등포동6가
서울특별시,영등포구,영등포동7가
서울특별시,영등포구,영등포동8가
서울특별시,용산구,도원동
서울특별시,용산구,동자동
서울특별시,용산구,문배동
서울특별시,용산구,서계동
서울특별시,용산구,신계동
서울특별시,용산구,신창동
서울특별시,용산구,용산동3가
서울특별시,용산구,용산동5가
서울특별시,용산구,용산동6가
서울특별시,용산구,원효로3가
서울특별시,용산구,이촌동
서울특별시,용산구,이태원동
서울특별시,용산구,청파동3가
서울특별시,용산구,한강로1가
서울특별시,용산구,한강로2가
서울특별시,용산구,한강로3가
서울특별시,용산구,한강로동
서울특별시,용산구,한남동
서울특별시,용산구,효창동
서울특별시,용산구,후암동
서울특별시,은평구,갈현동
서울특별시,은평구,구산
서울특별시,은평구,구산동
서울특별시,은평구,녹번동
서울특별시,은평구,대조동
서울특별시,은평구,불광동
서울특별시,은평구,불광동1
서울특별시,은평구,불광동2
서울특별시,은평구,불광동3
서울특별시,은평구,불광동3동
서울특별시,은평구,불광동641-1일대
서울특별시,은평구,수색동
서울특별시,은평구,신사동
서울특별시,은평구,신사동2
서울특별시,은평구,신사동2동
서울특별시,은평구,신사동372-1
서울특별시,은평구,역촌동
서울특별시,은평구,역촌동2
서울특별시,은평구,응암동
서울특별시,은평구,응암동3동
서울특별시,은평구,응암동751-22
서울특별시,은평구,응암동764-2
서울특별시,은평구,증산동
서울특별시,은평구,진관동
서울특별시,은평구,"진관동13-2,"
서울특별시,종로구,내수동
서울특별시,종로구,동숭동
서울특별시,종로구,명륜1가
서울특별시,종로구,명륜3가
서울특별시,종로구,무악동
서울특별시,종로구,부암동
서울특별시,종로구,사직동
서울특별시,종로구,삼청동
서울특별시,종로구,서린동
서울특별시,종로구,송월동
서울특별시,종로구,수송동
서울특별시,종로구,숭인동
서울특별시,종로구,신문로1가
서울특별시,종로구,신문로2가
서울특별시,종로구,연지동
서울특별시,종로구,옥인동
서울특별시,종로구,와룡동
서울특별시,종로구,원서동
서울특별시,종로구,인사동
서울특별시,종로구,종로2가
서울특별시,종로구,종로6가
서울특별시,종로구,창신동
서울특별시,종로구,청진동
서울특별시,종로구,평창동
서울특별시,종로구,행촌동
서울특별시,중구,광희1가
서울특별시,중구,남대문로5가
서울특별시,중구,다동51-1
서울특별시,중구,다산동
서울특별시,중구,만리동2가
서울특별시,중구,삼각동
서울특별시,중구,서소문동
서울특별시,중구,순화동
서울특별시,중구,신당5동
서울특별시,중구,신당동
서울특별시,중구,쌍림동
서울특별시,중구,예관동
서울특별시,중구,을지로2가
서울특별시,중구,을지로5가
서울특별시,중구,의주로1가
서울특별시,중구,의주로2가
서울특별시,중구,저동1가
서울특별시,중구,저동2가
서울특별시,중구,정동
서울특별시,중구,청구동
서울특별시,중구,충무로5가
서울특별시,중구,태평로1가
서울특별시,중구,황학동
서울특별시,중랑구,망우동
서울특별시,중랑구,면목동
서울특별시,중랑구,묵동
서울특별시,중랑구,상봉동
서울특별시,중랑구,신내동
서울특별시,중랑구,중화동
세종특별자치시,고운동,1125
세종특별자치시,고운동,1355
세종특별자치시,고운동,2084
세종특별자치시,고운동,2105
세종특별자치시,금남면,용포리
세종특별자치시,나성동,3-2
세종특별자치시,나성동,734
세종특별자치시,나성동,735
세종특별자치시,나성동,760
세종특별자치시,나성동,761
세종특별자치시,나성동,828
세종특별자치시,나성동,852
세종특별자치시,다정동,739
세종특별자치시,다정동,907
세종특별자치시,다정동,908
세종특별자치시,다정동,915
세종특별자치시,다정동,919
세종특별자치시,다정동,921
세종특별자치시,다정동,922
세종특별자치시,다정동,923
세종특별자치시,다정동,927
세종특별자치시,다정동,935
세종특별자치시,다정동,942
세종특별자치시,다정동,947
세종특별자치시,다정동,948
세종특별자치시,다정동,955
세종특별자치시,다정동,957
세종특별자치시,다정동,967
세종특별자치시,다정동,984
세종특별자치시,다정동,995
세종특별자치시,대평동,660
세종특별자치시,대평동,661
세종특별자치시,대평동,673
세종특별자치시,대평동,703
세종특별자치시,대평동,709
세종특별자치시,도담동,404
세종특별자치시,반곡동,1013
세종특별자치시,반곡동,1014
세종특별자치시,반곡동,1015
세종특별자치시,반곡동,1043
세종특별자치시,반곡동,832
세종특별자치시,반곡동,846
세종특별자치시,반곡동,847
세종특별자치시,반곡동,856
세종특별자치시,반곡동,859
세종특별자치시,반곡동,869
세종특별자치시,반곡동,898
세종특별자치시,반곡동,930
세종특별자치시,보람동,54-2전
세종특별자치시,보람동,714
세종특별자치시,보람동,717
세종특별자치시,보람동,728
세종특별자치시,보람동,731
세종특별자치시,보람동,734
세종특별자치시,보람동,736
세종특별자치시,보람동,771
세종특별자치시,보람동,773
세종특별자치시,보람동,782
세종특별자치시,부강면,부강리
세종특별자치시,새롬동,559
세종특별자치시,새롬동,571
세종특별자치시,새롬동,576
세종특별자치시,소담동,522
세종특별자치시,소담동,532
세종특별자치시,소담동,535
세종특별자치시,소담동,538
세종특별자치시,소담동,591
세종특별자치시,소담동,"9-59전,"
세종특별자치시,아름동,1033
세종특별자치시,아름동,1039
세종특별자치시,아름동,1298
세종특별자치시,아름동,1336
세종특별자치시,아름동,811-1
세종특별자치시,아름동,813
세종특별자치시,아름동,981
세종특별자치시,어진동,504
세종특별자치시,어진동,525
세종특별자치시,어진동,534
세종특별자치시,어진동,602-2
세종특별자치시,어진동,633
세종특별자치시,어진동,635
세종특별자치시,전의면,읍내리
세종특별자치시,조치원읍,봉산리
세종특별자치시,조치원읍,신흥리
세종특별자치시,집현동,1102
세종특별자치시,집현동,1109
세종특별자치시,집현동,1118
세종특별자치시,집현동,1122
세종특별자치시,집현동,1123
세종특별자치시,집현동,1125
세종특별자치시,집현동,1164
세종특별자치시,집현동,785-286전
세종특별자치시,집현동,789-106도
세종특별자치시,집현동,883-152답
세종특별자치시,집현동,883-161답
세종특별자치시,집현동,883-172답
세종특별자치시,집현동,883-218답
세종특별자치시,집현동,883-40답
세종특별자치시,집현동,산122임
세종특별자치시,집현동,산186임
세종특별자치시,한솔동,1137
세종특별자치시,한솔동,1171
세종특별자치시,한솔동,932
세종특별자치시,한솔동,965
세종특별자치시,해밀동,648공
세종특별자치시,해밀동,650공
세종특별자치시,해밀동,651공
세종특별자치시,해밀동,652공
세종특별자치시,해밀동,653공
세종특별자치시,해밀동,654공
세종특별자치시,해밀동,656공
세종특별자치시,해밀동,672공
세종특별자치시,해밀동,680공
세종특별자치시,해밀동,689공
세종특별자치시,해밀동,690공
세종특별자치시,해밀동,698공
세종특별자치시,해밀동,715공
세종특별자치시,해밀동,723공
세종특별자치시,해밀동,747공
세종특별자치시,해밀동,764공
세종특별자치시,해밀동,779공
수원시,권선구,서둔동
울산광역시,남구,달동
울산광역시,남구,두왕동
울산광역시,남구,무거동
울산광역시,남구,부곡동
울산광역시,남구,삼산동
울산광역시,남구,선암동
울산광역시,남구,성암동
울산광역시,남구,신정동
울산광역시,남구,야음동
울산광역시,남구,여천동
울산광역시,남구,옥동
울산광역시,남구,용연동
울산광역시,남구,장생포동
울산광역시,남구,황성동
울산광역시,동구,동부동
울산광역시,동구,방어동
울산광역시,동구,서부동
울산광역시,동구,일산동
울산광역시,동구,전하동
울산광역시,동구,주전동
울산광역시,동구,화정동
울산광역시,북구,매곡동
울산광역시,북구,산하동
울산광역시,북구,상안동
울산광역시,북구,송정동
울산광역시,북구,신천동
울산광역시,북구,양정동
울산광역시,북구,연암동
울산광역시,북구,염포동
울산광역시,북구,중산동
울산광역시,북구,중산동1319-1
울산광역시,북구,천곡동
울산광역시,북구,호계동
울산광역시,북구,화봉동
울산광역시,북구,효문동
울산광역시,울주군,두동면
울산광역시,울주군,두서면
울산광역시,울주군,범서읍
울산광역시,울주군,삼남읍
울산광역시,울주군,삼동면
울산광역시,울주군,상북면
울산광역시,울주군,서생면
울산광역시,울주군,언양읍
울산광역시,울주군,온산읍
울산광역시,울주군,온양읍
울산광역시,울주군,웅촌면
울산광역시,울주군,청량읍
울산광역시,중구,교동
울산광역시,중구,남외동
울산광역시,중구,다운동
울산광역시,중구,동동
울산광역시,중구,반구동
울산광역시,중구,복산1동
울산광역시,중구,복산동
울산광역시,중구,북정동
울산광역시,중구,서동
울산광역시,중구,성안동
울산광역시,중구,약사동
울산광역시,중구,우정동
울산광역시,중구,우정동482-2
울산광역시,중구,유곡동
울산광역시,중구,장현동
울산광역시,중구,태화동
울산광역시,중구,학산동
울산광역시,중구,학성동
인천광역시,강화군,강화읍
인천광역시,계양구,갈현동
인천광역시,계양구,계산동
인천광역시,계양구,귤현동
인천광역시,계양구,다남동
인천광역시,계양구,동양동
인천광역시,계양구,박촌동
인천광역시,계양구,방축동
인천광역시,계양구,병방동
인천광역시,계양구,상야동
인천광역시,계양구,서운동
인천광역시,계양구,서운동16-9
인천광역시,계양구,용종동
인천광역시,계양구,임학동
인천광역시,계양구,작전동
인천광역시,계양구,장기동
인천광역시,계양구,하야동
인천광역시,계양구,효성동
인천광역시,남동구,간석3동
인천광역시,남동구,간석동
인천광역시,남동구,고잔동
인천광역시,남동구,구월1동
인천광역시,남동구,구월동
인천광역시,남동구,남동구
인천광역시,남동구,남촌동
인천광역시,남동구,논현동
인천광역시,남동구,도림동
인천광역시,남동구,도림동629-4
인천광역시,남동구,만수5동
인천광역시,남동구,만수동
인천광역시,남동구,서창동
인천광역시,남동구,수산동
인천광역시,남동구,운연동
인천광역시,남동구,장수동
인천광역시,동구,만석동
인천광역시,동구,송림동
인천광역시,동구,송현동
인천광역시,동구,창영동
인천광역시,동구,화수동
인천광역시,동구,화평동
인천광역시,미추홀구,관교동
인천광역시,미추홀구,도화동
인천광역시,미추홀구,문학동
인천광역시,미추홀구,숭의동
인천광역시,미추홀구,용현동
인천광역시,미추홀구,주안6동
인천광역시,미추홀구,주안동
인천광역시,미추홀구,학익동
인천광역시,부평구,갈산동
인천광역시,부평구,구산동
인천광역시,부평구,부개동
인천광역시,부평구,부평6동
인천광역시,부평구,부평동
인천광역시,부평구,산곡동
인천광역시,부평구,삼산동
인천광역시,부평구,십정동
인천광역시,부평구,일신동
인천광역시,부평구,청천동
인천광역시,서구,가정동
인천광역시,서구,가좌동
인천광역시,서구,검암동
인천광역시,서구,경서동
인천광역시,서구,공촌동
인천광역시,서구,금곡동
인천광역시,서구,당하동
인천광역시,서구,마전동
인천광역시,서구,불로동
인천광역시,서구,석남동
인천광역시,서구,신현동
인천광역시,서구,심곡동
인천광역시,서구,연희동
인천광역시,서구,오류동
인천광역시,서구,왕길동
인천광역시,서구,원당동
인천광역시,서구,청라동
인천광역시,연수구,동춘동
인천광역시,연수구,선학동
인천광역시,연수구,송도동
인천광역시,연수구,연수동
인천광역시,연수구,옥련동
인천광역시,연수구,청학동
인천광역시,중구,도원동
인천광역시,중구,북성동1가
인천광역시,중구,송학동
인천광역시,중구,신흥동3가
인천광역시,중구,운남동
인천광역시,중구,운남동1649-1
인천광역시,중구,운북동
인천광역시,중구,운북동1279
인천광역시,중구,운서동
인천광역시,중구,운서동3076-1
인천광역시,중구,율목동
인천광역시,중구,중산동
전라남도,고흥군,고흥읍
전라남도,고흥군,과역면
전라남도,고흥군,대서면
전라남도,고흥군,도덕면
전라남도,고흥군,도양읍
전라남도,고흥군,도화면
전라남도,고흥군,동강면
전라남도,고흥군,두원면
전라남도,고흥군,봉래면
전라남도,고흥군,포두면
전라남도,고흥군,풍양면
전라남도,곡성군,곡성읍
전라남도,곡성군,석곡면
전라남도,곡성군,오곡면
전라남도,곡성군,오산면
전라남도,곡성군,옥과면
전라남도,곡성군,죽곡면
전라남도,광양시,광양읍
전라남도,광양시,광영동
전라남도,광양시,금호동
전라남도,광양시,다압면
전라남도,광양시,도이동
전라남도,광양시,마동
전라남도,광양시,마동276-7
전라남도,광양시,마동536
전라남도,광양시,마동984-15
전라남도,광양시,성황동
전라남도,광양시,옥곡면
전라남도,광양시,옥룡면
전라남도,광양시,중군동
전라남도,광양시,중동
전라남도,광양시,진상면
전라남도,광양시,진월면
전라남도,광양시,태인동
전라남도,광양시,황금동
전라남도,구례군,구례읍
전라남도,나주시,공산면
전라남도,나주시,과원동
전라남도,나주시,남평읍
전라남도,나주시,노안면
전라남도,나주시,다시면
전라남도,나주시,대호동
전라남도,나주시,동수동
전라남도,나주시,빛가람동
전라남도,나주시,산포면
전라남도,나주시,삼영동
전라남도,나주시,서내동
전라남도,나주시,송월동
전라남도,나주시,왕곡면
전라남도,나주시,운곡동
전라남도,나주시,이창동
전라남도,나주시,죽림동
전라남도,담양군,가사문학면
전라남도,담양군,고서면
전라남도,담양군,금성면
전라남도,담양군,담양읍
전라남도,담양군,대덕면
전라남도,담양군,대전면
전라남도,담양군,무정면
전라남도,담양군,봉산면
전라남도,담양군,수북면
전라남도,담양군,창평면
전라남도,목포시,달동
전라남도,목포시,대성동
전라남도,목포시,산정동
전라남도,목포시,상동
전라남도,목포시,석현동
전라남도,목포시,연산동
전라남도,목포시,옥암동
전라남도,목포시,용당동
전라남도,목포시,용해동
전라남도,목포시,죽교동
전라남도,목포시,죽동
전라남도,무안군,망운면
전라남도,무안군,몽탄면
전라남도,무안군,무안읍
전라남도,무안군,삼향읍
전라남도,무안군,운남면
전라남도,무안군,일로읍
전라남도,무안군,청계면
전라남도,무안군,해제면
전라남도,무안군,현경면
전라남도,보성군,득량면
전라남도,보성군,벌교읍
전라남도,보성군,보성읍
전라남도,보성군,조성면
전라남도,보성군,회천면
전라남도,순천시,가곡동
전라남도,순천시,가곡동115-1
전라남도,순천시,가곡동991
전라남도,순천시,가곡동998
전라남도,순천시,금곡동
전라남도,순천시,금곡동13-5
전라남도,순천시,남정동
전라남도,순천시,남정동210(남정)
전라남도,순천시,덕암동404-1
전라남도,순천시,덕암동404-5
전라남도,순천시,덕월동
전라남도,순천시,덕월동331-20+
전라남도,순천시,덕월동636-3
전라남도,순천시,동외동
전라남도,순천시,매곡동
전라남도,순천시,매곡동178-9
전라남도,순천시,매곡동456-7
전라남도,순천시,매곡동8-2
전라남도,순천시,생목동15-5(생목)
전라남도,순천시,서면
전라남도,순천시,석현동
전라남도,순천시,석현동228-2
전라남도,순천시,석현동463
전라남도,순천시,석현동894-8
전라남도,순천시,선평리
전라남도,순천시,연향동
전라남도,순천시,연향동1055-1
전라남도,순천시,연향동1092-1
전라남도,순천시,연향동1281-1
전라남도,순천시,연향동1352
전라남도,순천시,연향동1356
전라남도,순천시,연향동1368
전라남도,순천시,연향동1383
전라남도,순천시,연향동1392
전라남도,순천시,연향동1402
전라남도,순천시,연향동1485
전라남도,순천시,연향동1498
전라남도,순천시,연향동1508
전라남도,순천시,연향동1593
전라남도,순천시,연향동1620
전라남도,순천시,연향동1627-1
전라남도,순천시,연향동1630
전라남도,순천시,연향동1632
전라남도,순천시,연향동1693
전라남도,순천시,연향동1694+
전라남도,순천시,오천동
전라남도,순천시,옥천동128-2
전라남도,순천시,왕지동
전라남도,순천시,왕지동859
전라남도,순천시,왕지동874
전라남도,순천시,왕지동895
전라남도,순천시,용당동569
전라남도,순천시,인제동
전라남도,순천시,인제동375-5
전라남도,순천시,장천동
전라남도,순천시,저전동
전라남도,순천시,저전동128-2
전라남도,순천시,저전동148-2
전라남도,순천시,저전동238-1
전라남도,순천시,조곡동
전라남도,순천시,조곡동210
전라남도,순천시,조곡동263-34
전라남도,순천시,조곡동420-9(둑실A)
전라남도,순천시,조례동
전라남도,순천시,조례동1385-9
전라남도,순천시,조례동1614
전라남도,순천시,조례동1660
전라남도,순천시,조례동1663
전라남도,순천시,조례동1688-1
전라남도,순천시,조례동1710-1
전라남도,순천시,조례동1730-5
전라남도,순천시,조례동1806
전라남도,순천시,조례동1822
전라남도,순천시,조례동1867
전라남도,순천시,주암면
전라남도,순천시,풍덕동
전라남도,순천시,풍덕동1274-1
전라남도,순천시,풍덕동1283
전라남도,순천시,풍덕동1287
전라남도,순천시,풍덕동885
전라남도,순천시,해룡면
전라남도,순천시,행동
전라남도,순천시,행동65-7
전라남도,순천시,홍내동
전라남도,신안군,안좌면
전라남도,신안군,압해읍
전라남도,신안군,자은면
전라남도,신안군,지도읍
전라남도,신안군,하의면
전라남도,신안군,흑산면
전라남도,여수시,경호동
전라남도,여수시,관문동
전라남도,여수시,광무동
전라남도,여수시,국동
전라남도,여수시,남산동
전라남도,여수시,덕충동
전라남도,여수시,돌산읍
전라남도,여수시,둔덕동
전라남도,여수시,만흥동
전라남도,여수시,문수동
전라남도,여수시,미평동
전라남도,여수시,봉강동
전라남도,여수시,봉산동
전라남도,여수시,서교동
전라남도,여수시,선원동
전라남도,여수시,소라면
전라남도,여수시,소호동
전라남도,여수시,수정동
전라남도,여수시,시전동
전라남도,여수시,신기동
전라남도,여수시,안산동
전라남도,여수시,여서동
전라남도,여수시,연등동
전라남도,여수시,오림동
전라남도,여수시,웅천동
전라남도,여수시,율촌면
전라남도,여수시,종화동
전라남도,여수시,중앙동
전라남도,여수시,중흥동
전라남도,여수시,평여동
전라남도,여수시,학동
전라남도,여수시,화장동
전라남도,영광군,백학리
전라남도,영광군,영광읍
전라남도,영암군,삼호읍
전라남도,영암군,영암읍
전라남도,장성군,남면
전라남도,장성군,동화면
전라남도,장성군,북일면
전라남도,장성군,북하면
전라남도,장성군,사거리
전라남도,장성군,삼계면
전라남도,장성군,삼서면
전라남도,장성군,수옥리
전라남도,장성군,장성읍
전라남도,장성군,황룡면
전라남도,장흥군,대덕읍
전라남도,장흥군,부산면
전라남도,장흥군,안양면
전라남도,장흥군,장평면
전라남도,장흥군,장흥읍
전라남도,진도군,고군면
전라남도,진도군,군내면
전라남도,진도군,의신면
전라남도,진도군,임회면
전라남도,진도군,지산면
전라남도,진도군,진도읍
전라남도,함평군,나산면
전라남도,함평군,대동면
전라남도,함평군,신광면
전라남도,함평군,월야면
전라남도,함평군,학교면
전라남도,함평군,함평읍
전라남도,함평군,해보면
전라남도,해남군,마산면
전라남도,해남군,문내면
전라남도,해남군,북평면
전라남도,해남군,산이면
전라남도,해남군,송지면
전라남도,해남군,해남읍
전라남도,해남군,화산면
전라남도,해남군,화원면
전라남도,해남군,황산면
전라남도,화순군,화순읍
전라북도,순창군,순창읍
전북특별자치도,고창군,고수면
전북특별자치도,고창군,고창읍
전북특별자치도,고창군,대산면
전북특별자치도,고창군,흥덕면
전북특별자치도,군산시,개사동
전북특별자치도,군산시,개정면
전북특별자치도,군산시,경장동
전북특별자치도,군산시,구암동
전북특별자치도,군산시,금광동
전북특별자치도,군산시,나운동
전북특별자치도,군산시,내초동
전북특별자치도,군산시,내흥동
전북특별자치도,군산시,동흥남동
전북특별자치도,군산시,문화동
전북특별자치도,군산시,미룡동
전북특별자치도,군산시,미장동
전북특별자치도,군산시,비응도동
전북특별자치도,군산시,사정동
전북특별자치도,군산시,산북동
전북특별자치도,군산시,삼학동
전북특별자치도,군산시,서흥남동
전북특별자치도,군산시,소룡동
전북특별자치도,군산시,수송동
전북특별자치도,군산시,신흥동
전북특별자치도,군산시,오식도동
전북특별자치도,군산시,옥구읍
전북특별자치도,군산시,월명동
전북특별자치도,군산시,임피면
전북특별자치도,군산시,조촌동
전북특별자치도,군산시,중동
전북특별자치도,군산시,지곡동
전북특별자치도,군산시,해망동
전북특별자치도,남원시,금지면
전북특별자치도,남원시,노암동
전북특별자치도,남원시,도통동
전북특별자치도,남원시,이백면
전북특별자치도,남원시,주천면
전북특별자치도,남원시,향교동
전북특별자치도,무주군,무주읍
전북특별자치도,무주군,설천면
전북특별자치도,무주군,안성면
전북특별자치도,부안군,계화면
전북특별자치도,부안군,동진면
전북특별자치도,부안군,백산면
전북특별자치도,부안군,변산면
전북특별자치도,부안군,부안읍
전북특별자치도,부안군,진서면
전북특별자치도,부안군,하서면
전북특별자치도,부안군,행안면
전북특별자치도,완주군,고산면
전북특별자치도,완주군,구이면
전북특별자치도,완주군,봉동읍
전북특별자치도,완주군,삼례읍
전북특별자치도,완주군,용진읍
전북특별자치도,완주군,이서면
전북특별자치도,익산시,금강동
전북특별자치도,익산시,금마면
전북특별자치도,익산시,남중동
전북특별자치도,익산시,낭산면
전북특별자치도,익산시,동산동
전북특별자치도,익산시,마동
전북특별자치도,익산시,마동350
전북특별자치도,익산시,모현동1가
전북특별자치도,익산시,모현동2가
전북특별자치도,익산시,부송동
전북특별자치도,익산시,삼기면
전북특별자치도,익산시,석왕동
전북특별자치도,익산시,송학동
전북특별자치도,익산시,신동
전북특별자치도,익산시,신용동
전북특별자치도,익산시,어양동
전북특별자치도,익산시,여산면
전북특별자치도,익산시,영등동
전북특별자치도,익산시,왕궁면
전북특별자치도,익산시,용안면
전북특별자치도,익산시,용제동
전북특별자치도,익산시,인화동1가
전북특별자치도,익산시,인화동2가
전북특별자치도,익산시,주현동
전북특별자치도,익산시,춘포면
전북특별자치도,익산시,팔봉동
전북특별자치도,익산시,평화동
전북특별자치도,익산시,함열읍
전북특별자치도,익산시,현영동
전북특별자치도,익산시,황등면
전북특별자치도,임실군,관촌면
전북특별자치도,임실군,성수면
전북특별자치도,임실군,오수면
전북특별자치도,임실군,운암면
전북특별자치도,임실군,임실읍
전북특별자치도,장수군,장계면
전북특별자치도,장수군,장수읍
전북특별자치도,전주시,덕진구
전북특별자치도,전주시,완산구
전북특별자치도,정읍시,수성동
전북특별자치도,정읍시,시기동
전북특별자치도,정읍시,장명동
전북특별자치도,정읍시,하북동
전북특별자치도,진안군,용담면
전북특별자치도,진안군,진안읍
제주특별자치도,서귀포시,강정동
제주특별자치도,서귀포시,구억리
제주특별자치도,서귀포시,남원읍
제주특별자치도,서귀포시,대정읍
제주특별자치도,서귀포시,동홍동
제주특별자치도,서귀포시,법환동
제주특별자치도,서귀포시,보성리
제주특별자치도,서귀포시,서귀동
제주특별자치도,서귀포시,서호동
제주특별자치도,서귀포시,서홍동
제주특별자치도,서귀포시,성산읍
제주특별자치도,서귀포시,신효동
제주특별자치도,서귀포시,안덕면
제주특별자치도,서귀포시,중문동
제주특별자치도,서귀포시,토평동
제주특별자치도,서귀포시,표선면
제주특별자치도,제주시,건입동
제주특별자치도,제주시,구좌읍
제주특별자치도,제주시,내도동
제주특별자치도,제주시,노형동
제주특별자치도,제주시,도남동
제주특별자치도,제주시,도두1동
제주특별자치도,제주시,도두일동
제주특별자치도,제주시,도련1동
제주특별자치도,제주시,도련2동
제주특별자치도,제주시,도련동
제주특별자치도,제주시,봉개동
제주특별자치도,제주시,삼도1동
제주특별자치도,제주시,삼도2동
제주특별자치도,제주시,삼양1동
제주특별자치도,제주시,삼양2동
제주특별자치도,제주시,아라1동
제주특별자치도,제주시,애월읍
제주특별자치도,제주시,연동
제주특별자치도,제주시,영평동
제주특별자치도,제주시,오등동
제주특별자치도,제주시,오라삼동
제주특별자치도,제주시,외도1동
제주특별자치도,제주시,용담1동
제주특별자치도,제주시,용담2동
제주특별자치도,제주시,용담3동
제주특별자치도,제주시,월평동
제주특별자치도,제주시,이도2동
제주특별자치도,제주시,일도2동
제주특별자치도,제주시,조천읍
제주특별자치도,제주시,한경면
제주특별자치도,제주시,한림읍
제주특별자치도,제주시,화북1동
제주특별자치도,제주시,화북2동
충청남도,결성면,성곡리
충청남도,계룡시,금암동
충청남도,계룡시,두마면
충청남도,계룡시,신도안면
충청남도,계룡시,엄사면
충청남도,공주시,검상동
충청남도,공주시,금성동
충청남도,공주시,금학동
충청남도,공주시,금흥동
충청남도,공주시,반포면
충청남도,공주시,산성동
충청남도,공주시,송선동
충청남도,공주시,신관동
충청남도,공주시,옥룡동
충청남도,공주시,월미동
충청남도,공주시,월송동
충청남도,공주시,유구읍
충청남도,공주시,의당면
충청남도,공주시,이인면
충청남도,공주시,정안면
충청남도,공주시,중동
충청남도,공주시,탄천면
충청남도,금산군,군북면
충청남도,금산군,금산읍
충청남도,금산군,진산면
충청남도,금산군,추부면
충청남도,논산시,강경읍
충청남도,논산시,강산동
충청남도,논산시,관촉동
충청남도,논산시,내동
충청남도,논산시,노성면
충청남도,논산시,대교동
충청남도,논산시,벌곡면
충청남도,논산시,상월면
충청남도,논산시,성동면
충청남도,논산시,양촌면
충청남도,논산시,연무읍
충청남도,논산시,연산면
충청남도,논산시,취암동
충청남도,논산시,화지동
충청남도,당진시,고대면
충청남도,당진시,대덕동
충청남도,당진시,대호지면
충청남도,당진시,면천면
충청남도,당진시,석문면
충청남도,당진시,성상리
충청남도,당진시,송산면
충청남도,당진시,송악읍
충청남도,당진시,수청동
충청남도,당진시,순성면
충청남도,당진시,신평면
충청남도,당진시,우강면
충청남도,당진시,우두동
충청남도,당진시,원당동
충청남도,당진시,읍내동
충청남도,당진시,정미면
충청남도,당진시,채운동
충청남도,당진시,합덕읍
충청남도,대산읍,대죽리
충청남도,보령시,궁촌동
충청남도,보령시,남포면
충청남도,보령시,대천동
충청남도,보령시,동대동
충청남도,보령시,명천동
충청남도,보령시,신흑동
충청남도,보령시,오천면
충청남도,보령시,웅천읍
충청남도,보령시,주교면
충청남도,보령시,주포면
충청남도,보령시,죽정동
충청남도,부석면,취평리
충청남도,부여군,규암면
충청남도,부여군,부여읍
충청남도,부여군,석성면
충청남도,부여군,장암면
충청남도,부여군,초촌면
충청남도,서산시,고북면
충청남도,서산시,대산읍
충청남도,서산시,동문동
충청남도,서산시,동문동470-2
충청남도,서산시,동문동470-23
충청남도,서산시,동문동982
충청남도,서산시,부석면
충청남도,서산시,석남동
충청남도,서산시,석림동
충청남도,서산시,석림동340-5
충청남도,서산시,석림동463-4
충청남도,서산시,석림동582-2
충청남도,서산시,성연면
충청남도,서산시,예천동
충청남도,서산시,예천동1279-3
충청남도,서산시,예천동1330(111-3)일원
충청남도,서산시,예천동497-6
충청남도,서산시,오남동
충청남도,서산시,음암면
충청남도,서산시,읍내동
충청남도,서산시,읍내동136-4
충청남도,서산시,읍내동40
충청남도,서산시,읍내동415-1
충청남도,서산시,읍내동624-3
충청남도,서산시,읍내동751-7
충청남도,서산시,인지면
충청남도,서산시,지곡면
충청남도,서산시,팔봉면
충청남도,서산시,해미면
충청남도,서천군,마서면
충청남도,서천군,서면
충청남도,서천군,서천읍
충청남도,서천군,장항읍
충청남도,서천군,종천면
충청남도,아산시,권곡동
충청남도,아산시,권곡동85-3
충청남도,아산시,도고면
충청남도,아산시,둔포면
충청남도,아산시,모종동
충청남도,아산시,방축동
충청남도,아산시,배미동
충청남도,아산시,배방읍
충청남도,아산시,법곡동
충청남도,아산시,북수리
충청남도,아산시,송악면
충청남도,아산시,신창면
충청남도,아산시,실옥동
충청남도,아산시,온천동
충청남도,아산시,용화동
충청남도,아산시,월랑리
충청남도,아산시,음봉면
충청남도,아산시,인주면
충청남도,아산시,탕정면
충청남도,아산시,풍기동
충청남도,예산군,고덕면
충청남도,예산군,대흥면
충청남도,예산군,덕산면
충청남도,예산군,삽교읍
충청남도,예산군,예산읍
충청남도,예산군,응봉면
충청남도,천안시,동남구
충청남도,천안시,부대동
충청남도,천안시,삼룡동
충청남도,천안시,서북구
충청남도,천안시,성거읍
충청남도,천안시,성성동
충청남도,천안시,성정동
충청남도,천안시,쌍용동
충청남도,청양군,정산면
충청남도,청양군,청양읍
충청남도,태안군,안면읍
충청남도,태안군,태안읍
충청남도,홍성군,갈산면
충청남도,홍성군,결성면
충청남도,홍성군,광천읍
충청남도,홍성군,서부면
충청남도,홍성군,홍북읍
충청남도,홍성군,홍성읍
충청북도,괴산군,괴산읍
충청북도,괴산군,불정면
충청북도,괴산군,연풍면
충청북도,괴산군,장연면
충청북도,괴산군,청안면
충청북도,괴산군,청천면
충청북도,괴산군,칠성면
충청북도,단양군,단양읍
충청북도,단양군,매포읍
충청북도,보은군,보은읍
충청북도,영동군,용산면
충청북도,영동군,황간면
충청북도,옥천군,옥천읍
충청북도,옥천군,이원면
충청북도,옥천군,청산면
충청북도,음성군,금왕읍
충청북도,음성군,대소면
충청북도,음성군,맹동면
충청북도,음성군,삼성면
충청북도,음성군,생극면
충청북도,음성군,음성읍
충청북도,제천시,강제동
충청북도,제천시,고암동
충청북도,제천시,교동
충청북도,제천시,금성면
충청북도,제천시,덕산면
충청북도,제천시,동현동
충청북도,제천시,봉양읍
충청북도,제천시,서부동
충청북도,제천시,수산면
충청북도,제천시,신백동
충청북도,제천시,신월동
충청북도,제천시,영천동
충청북도,제천시,왕암동
충청북도,제천시,장락동
충청북도,제천시,중앙로2가
충청북도,제천시,천남동
충청북도,제천시,청전동
충청북도,제천시,하소동
충청북도,제천시,화산동
충청북도,증평군,도안면
충청북도,증평군,증평읍
충청북도,진천군,광혜원면
충청북도,진천군,덕산읍
충청북도,진천군,이월면
충청북도,진천군,진천읍
충청북도,청주시,상당구
충청북도,청주시,서원구
충청북도,청주시,청원구
충청북도,청주시,흥덕구
충청북도,충주시,교현동
충청북도,충주시,금가면
충청북도,충주시,금릉동
충청북도,충주시,노은면
충청북도,충주시,대소원면
충청북도,충주시,동량면
충청북도,충주시,목행동
충청북도,충주시,문화동
충청북도,충주시,봉방동
충청북도,충주시,성내동
충청북도,충주시,수안보면
충청북도,충주시,앙성면
충청북도,충주시,엄정면
충청북도,충주시,연수동
충청북도,충주시,용두동
충청북도,충주시,용산동
충청북도,충주시,용탄동
충청북도,충주시,주덕읍
충청북도,충주시,중앙탑면
충청북도,충주시,지현동
충청북도,충주시,칠금동
충청북도,충주시,호암동
